{"cameraMode":{"drawMode":0,"name":"Shaded","section":"Shading Mode"},"sceneLighting":false,"audioPlay":false,"sceneViewState":{"m_AlwaysRefresh":false,"showFog":true,"showSkybox":false,"showFlares":true,"showImageEffects":true,"showParticleSystems":true,"showVisualEffectGraphs":true,"m_FxEnabled":true},"in2DMode":false,"pivot":{"x":-10.656377792358399,"y":-0.4342093765735626,"z":-0.035000041127204898},"rotation":{"x":-0.11723959445953369,"y":-0.8828914165496826,"z":0.3206102252006531,"w":-0.3230000138282776},"size":1.9528963565826417,"orthographic":false}